category;name;rus;eng
char_name;diona;Диона;Diona
talent_name;diona_katzlein_style;Стиль котёнка;Kätzlein Style
talent_descr;diona_katzlein_style;<p>name{Обычная атака:}<br>До пяти выстрелов из лука.</p><p>name{Заряженная атака:}<br>Более меткий name{прицельный выстрел} с увеличенным уроном.<br>Во время прицеливания наконечник стрелы заряжается холодом. Полностью заряженная холодом стрела наносит cryo{Крио урон}.</p><p>name{Атака в падении:}<br>Выпускает град стрел в воздухе, которые при приземлении персонажа наносят name{урон по площади}.</p>;<p>name{Normal Attack}<br>Performs up to 5 consecutive shots with a bow.</p><p>name{Charged Attack}<br>Performs a more precise name{Aimed Shot} with increased DMG.<br>While aiming, biting frost will accumulate on the arrowhead. A fully charged frost arrow will deal cryo{Cryo DMG}.</p><p>name{Plunging Attack}<br>Fires off a shower of arrows in mid-air before falling and striking the ground, dealing name{AoE DMG} upon impact.</p>
feature_skill;diona_icy_paw_dmg;Урон от когтей;Icy Paw DMG
feature_skill;diona_base_shield_dmg_absorption;Базовое поглощение щита;Base Shield DMG Absorption
talent_name;diona_icy_paws;Морозные коготочки;Icy Paws
talent_descr;diona_icy_paws;<p>Выпускает Морозные коготочки, которые наносят противнику cryo{Крио урон} и создают элементальный щит при ударе.<br>Поглощение урона щитом зависит от name{макс. HP} name{Дионы}, а длительность его существования - от количества попавших в цель Морозных коготочков.</p><p>name{Быстрое нажатие:}<br>Моментально выпускает два Морозных коготочка.</p><p>name{Долгое нажатие:}<br>Отпрыгивая назад, выпускает пять Морозных коготочков.<br>Щит, образованный заряженным навыком, даёт 75% бонус поглощения урона.</p><p>Щит поглощает cryo{Крио урон} с эффективностью 250%. Кроме того, при активации щит накладывает на персонажа кратковременный cryo{эффект Крио}.</p><p><i>Обычно никакое количество льда в напитке здоровью не вредит, но тот лёд, что создаёт Диона с помощью Глаза Бога, заставляет мозг покрываться льдом. 10 из 10!</i></p>;<p>Fires an Icy Paw that deals cryo{Cryo DMG} to opponents and forms a shield on hit.<br>The shield's name{DMG Absorption} scales based on name{Diona}'s name{Max HP}, and its duration scales off the number of Icy Paws that hit their target.</p><p>name{Press}<br>Rapidly fires off 2 Icy Paws.</p><p>name{Hold}<br>Dashes back quickly before firing 5 Icy Paws.<br>The shield created by a Hold attack will gain a 75% name{DMG Absorption} Bonus.</p><p>The shield has a 250% cryo{Cryo DMG} Absorption Bonus, and will cause your active character to become affected by cryo{Cryo} at the point of formation for a short duration.</p><p><i>When she first started bartending, name{Diona} found that no matter how much ice she put in her cocktails, it would never do a drunkard any harm. That all changed when she received her Vision — now she can form ice cold enough to cause severe brainfreeze. Five out of five stars!</i></p>
talent_name;diona_signature_mix;Авторский коктейль;Signature Mix
talent_descr;diona_signature_mix;"<p>Бросает приготовленный по особому рецепту ледяной коктейль, который наносит cryo{Крио урон по площади} и создаёт область Прохладительной дымки.</p><p>name{Прохладительная дымка:}<br>· Наносит cryo{Крио урон} врагам, находящимся в области;<br>· Периодически восстанавливает name{HP} персонажам, находящимся в области.</p><p><i>Чудовищная смесь, которую даже Диона считает бесчеловечной. Ужас неизбежности лучше оставить врагам. К сожалению, резкое послевкусие этого напитка им придётся прочувствовать только своим носом и кожей.</i></p>";<p>Tosses out a special cold brew that deals cryo{AoE Cryo DMG} and creates a Drunken Mist in an AoE.</p><p>name{Drunken Mist}<br>·Deals continuous cryo{Cryo DMG} to opponents within the AoE.<br>·Continuously regenerates the name{HP} of characters within the AoE.</p><p><i>A horrific mix that even name{Diona} considers inhumane. The horrifying foretaste should be left for one's opponents. It has a crisp aftertaste, but unfortunately, one can only feel it on one's nose and skin.</i></p>
talent_name;diona_cats_tail_secret_menu;Секретное меню;Cat's Tail Secret Menu
talent_descr;diona_cats_tail_secret_menu;<p>Щит навыка skill{skill:Морозные коготочки} увеличивает name{скорость передвижения} персонажа на %{move_speed} и уменьшает его потребление выносливости на %{stamina_consume}.</p>;<p>Characters shielded by skill{skill:Icy Paws} have their name{Movement SPD} increased by %{move_speed} and their Stamina Consumption decreased by %{stamina_consume}.</p>
talent_name;diona_drunkards_farce;Пьяный балаган;Drunkards' Farce
talent_descr;diona_drunkards_farce;<p>Уменьшает name{силу атаки} вошедших в зону действия навыка skill{burst:Авторский коктейль} врагов на %{text_percent_dmg} в течение 15 сек.</p>;<p>Opponents who enter the AoE of skill{burst:Signature Mix} have %{text_percent_dmg} decreased name{ATK} for 15s.</p>
talent_name;diona_choice_treasures;Изысканные сокровища;Choice Treasures
talent_descr;diona_choice_treasures;<p>В течение 20 сек. после применения name{элементального навыка} skill{skill:Морозные коготочки}, когда персонажи отряда активируют реакции stcond{Звёздный проводник}, cryo{Сверхпроводник}, cryo{Крио рассеивание} или stcond{Звёздное рассеивание}, Диона также выпускает 3 skill{Морозных коготочка}. skill{skill:Морозные коготочки}, выпущенные таким способом, не создают элементальные name{частицы} и при попадании во врага не создают щит. Этот эффект может возникнуть один раз в 3,5 сек.<br>Кроме того, когда Диона пребывает в skill{n11330003:Пределе путеводной звезды} или на 8 сек. после того как персонажи отряда поблизости активируют stcond{Звёздное рассеивание}, Диона входит в состояние skill{Сияние - Звёздный проводник} или skill{Сияние - Звёздное рассеивание} соответственно.</p>;<p>Within 20s after using the name{Elemental Skill} skill{skill:Icy Paws}, name{Diona} will also fire off three skill{skill:Icy Paws} when party members trigger stcond{Stellar-Conduct}, cryo{Superconduct}, cryo{Cryo Swirl}, or stcond{Stellar Swirl} reactions. skill{skill:Icy Paws} fired this way cannot generate Elemental Particles, nor will they generate a shield upon hitting opponents. This effect can occur once every 3.5s.<br>Additionally, name{Diona} will also enter the skill{Radiance: Stellar-Conduct} state when she is inside a skill{n11330003:Polestar Field}, or the skill{Radiance: Stellar Swirl} state for 8s after a nearby party member triggers a stcond{Stellar Swirl} reaction.</p>
talent_name;diona_a_lingering_flavor;Затяжное послевкусие;A Lingering Flavor
talent_descr;diona_a_lingering_flavor;<p>После окончания эффектов навыка skill{burst:Авторский коктейль} восстанавливает name{Дионе} 15 name{ед. энергии}.</p>;<p>Regenerates 15 name{Energy} for name{Diona} after the effects of skill{burst:Signature Mix} end.</p>
talent_name;diona_shaken_not_purred;Взболтать, но не мурлыкать;Shaken, Not Purred
talent_descr;diona_shaken_not_purred;<p>Увеличивает урон и поглощение щита навыка skill{skill:Морозные коготочки} на %{dmg_skill_diona}.<br>Также при попадании навык создаёт другим находящимся неподалёку персонажам на 5 сек. щит, поглощение урона которого составляет %{text_percent} от поглощения щита навыка skill{skill:Морозные коготочки}.</p>;<p>Increases skill{skill:Icy Paws}' DMG by %{dmg_skill_diona}, and increases its shield's name{DMG Absorption} by %{diona_shield}.<br>Additionally, when paws hit their targets, creates a shield for other nearby characters on the field with %{text_percent} of the skill{skill:Icy Paws} shield's name{DMG Absorption} for 5s.</p>
talent_name;diona_aanother_round;Ещё стаканчик?;A—Another Round?
talent_name;diona_wine_industry_slayer;Конец винной индустрии;Wine Industry Slayer
talent_descr;diona_wine_industry_slayer;<p>Нахождение в области навыка skill{burst:Авторский коктейль} уменьшает время зарядки выстрела name{Дионы} на %{text_percent}.</p>;<p>Within the radius of skill{burst:Signature Mix}, name{Diona}'s charge time for aimed shots is reduced by %{text_percent}</p>
talent_name;diona_double_shot_on_the_rocks;Двойной шот со льдом;Double Shot, on the Rocks
talent_name;diona_cats_tail_closing_time;Мы закрываемся!;Cat's Tail Closing Time
talent_descr;diona_cats_tail_closing_time_1;<p>Персонажи, находящиеся в области навыка skill{burst:Авторский коктейль}, получают следующие эффекты, зависящие от их name{HP}:<br>· При name{HP} выше 50% увеличивает name{мастерство стихий} на %{mastery} ед.</p>;<p>Characters within skill{burst:Signature Mix}'s radius will gain the following effects based on their name{HP} amounts:<br>·name{Elemental Mastery} increased by %{mastery} when name{HP} is above 50%.</p>
talent_descr;diona_cats_tail_closing_time_2;<p>Персонажи, находящиеся в области навыка skill{burst:Авторский коктейль}, получают следующие эффекты, зависящие от их name{HP}:<br>· При name{HP} равном или ниже 50% увеличивает name{бонус получаемого лечения} на %{healing_recv}.</p>;<p>Characters within skill{burst:Signature Mix}'s radius will gain the following effects based on their name{HP} amounts:<br>·Increases name{Incoming Healing Bonus} by %{healing_recv} when name{HP} falls below or is equal to 50%.</p>
talent_descr;diona_cats_tail_closing_time_hex_1;<p>Персонажи, находящиеся в области навыка skill{burst:Авторский коктейль}, получают следующие эффекты, зависящие от их name{HP}:<br>· При name{HP} выше 50% name{мастерство стихий} увеличивается на %{mastery} ед.</p>;<p>Characters within skill{burst:Signature Mix}'s radius gain the following effects based on their name{HP} levels:<br>· name{Elemental Mastery} is increased by %{mastery} when name{HP} is above 50%.</p>
talent_descr;diona_cats_tail_closing_time_hex_2;<p>Персонажи, находящиеся в области навыка skill{burst:Авторский коктейль}, получают следующие эффекты, зависящие от их name{HP}:<br>· При name{HP}, равном или ниже 50%, name{бонус получаемого лечения} увеличивается на %{healing_recv}.</p>;<p>Characters within skill{burst:Signature Mix}'s radius gain the following effects based on their name{HP} levels:<br>· The name{Incoming Healing Bonus} is increased by %{healing_recv} when name{HP} is at, or lower than, 50%.</p>
talent_descr;diona_cats_tail_closing_time_hex_3;<p>Кроме того, name{макс. HP} name{Дионы} повышается на %{hp_percent}.</p>;<p>Additionally, name{Diona}'s name{Max HP} is increased by %{hp_percent}. </p>
talent_descr;diona_cats_tail_closing_time_hex_4;"<p>skill{Сияние - Звёздный блеск}: урон соответствующих реакций персонажей в области навыка Авторский коктейль повышается: skill{Сияние&nbsp;- Звёздный проводник}: урон cryo{Сверхпроводника} и stcond{Звёздного проводника} увеличивается на %{dmg_reaction_superconduct}.</p>";<p>skill{Radiance: Stellar Glimmer}: Characters within the Signature Mix field deal increased DMG for the following reactions: </p>
talent_descr;diona_cats_tail_closing_time_hex_5;<p>skill{Сияние - Звёздный блеск}: урон соответствующих реакций персонажей в области навыка Авторский коктейль повышается: skill{Сияние - Звёздное рассеивание}: урон cryo{Крио рассеивания} и stcond{Звёздного рассеивания} увеличивается на %{dmg_reaction_swirl_cryo}.</p>;<p>skill{Radiance: Stellar Glimmer}: Characters within the Signature Mix field deal increased DMG for the following reactions: skill{Radiance: Stellar-Conduct}: cryo{Superconduct}, stcond{Stellar-Conduct} reaction DMG increased by %{dmg_reaction_superconduct}.</p>
